ภูมิภาคอย่างเป็นทางการ,All,,,
กรุงเทพปริมณฑลต่างจังหวัด,All,,,
,,,,
PostCode,Distinct Count of ProvinceThai,ProvinceList,,
10100,1,กรุงเทพมหานคร,,
10110,1,กรุงเทพมหานคร,,
10120,1,กรุงเทพมหานคร,,
10130,1,สมุทรปราการ,,
10140,1,กรุงเทพมหานคร,,
10150,1,กรุงเทพมหานคร,,
10160,1,กรุงเทพมหานคร,,
10170,1,กรุงเทพมหานคร,,
10200,1,กรุงเทพมหานคร,,
10210,1,กรุงเทพมหานคร,,
10220,1,กรุงเทพมหานคร,,
10230,1,กรุงเทพมหานคร,,
10240,1,กรุงเทพมหานคร,,
10250,1,กรุงเทพมหานคร,,
10260,1,กรุงเทพมหานคร,,
10270,1,สมุทรปราการ,,
10280,1,สมุทรปราการ,,
10290,1,สมุทรปราการ,,
10300,1,กรุงเทพมหานคร,,
10303,1,กรุงเทพมหานคร,,
10310,1,กรุงเทพมหานคร,,
10330,1,กรุงเทพมหานคร,,
10400,1,กรุงเทพมหานคร,,
10500,1,กรุงเทพมหานคร,,
10510,1,กรุงเทพมหานคร,,
10520,1,กรุงเทพมหานคร,,
10530,1,กรุงเทพมหานคร,,
10540,1,สมุทรปราการ,,
10550,1,สมุทรปราการ,,
10560,1,สมุทรปราการ,,
10570,1,สมุทรปราการ,,
10600,1,กรุงเทพมหานคร,,
10700,1,กรุงเทพมหานคร,,
10800,1,กรุงเทพมหานคร,,
10900,1,กรุงเทพมหานคร,,
11000,1,นนทบุรี,,
11110,1,นนทบุรี,,
11120,1,นนทบุรี,,
11130,1,นนทบุรี,,
11140,1,นนทบุรี,,
11150,1,นนทบุรี,,
12000,1,ปทุมธานี,,
12110,1,ปทุมธานี,,
12120,1,ปทุมธานี,,
12121,1,ปทุมธานี,,
12130,1,ปทุมธานี,,
12140,1,ปทุมธานี,,
12150,1,ปทุมธานี,,
12160,1,ปทุมธานี,,
12170,1,ปทุมธานี,,
13000,1,พระนครศรีอยุธยา,,
13110,1,พระนครศรีอยุธยา,,
13120,1,พระนครศรีอยุธยา,,
13130,1,พระนครศรีอยุธยา,,
13140,1,พระนครศรีอยุธยา,,
13150,1,พระนครศรีอยุธยา,,
13160,1,พระนครศรีอยุธยา,,
13170,1,พระนครศรีอยุธยา,,
13180,2,ปทุมธานี / พระนครศรีอยุธยา,,
13190,1,พระนครศรีอยุธยา,,
13210,1,พระนครศรีอยุธยา,,
13220,1,พระนครศรีอยุธยา,,
13230,1,พระนครศรีอยุธยา,,
13240,2,พระนครศรีอยุธยา / ลพบุรี,,
13250,1,พระนครศรีอยุธยา,,
13260,1,พระนครศรีอยุธยา,,
13270,1,พระนครศรีอยุธยา,,
13280,1,พระนครศรีอยุธยา,,
13290,1,พระนครศรีอยุธยา,,
14000,1,อ่างทอง,,
14110,1,อ่างทอง,,
14120,1,อ่างทอง,,
14130,1,อ่างทอง,,
14140,1,อ่างทอง,,
14150,1,อ่างทอง,,
14160,1,อ่างทอง,,
15000,1,ลพบุรี,,
15110,1,ลพบุรี,,
15120,1,ลพบุรี,,
15130,1,ลพบุรี,,
15140,1,ลพบุรี,,
15150,1,ลพบุรี,,
15160,1,ลพบุรี,,
15170,1,ลพบุรี,,
15180,1,ลพบุรี,,
15190,1,ลพบุรี,,
15210,1,ลพบุรี,,
15220,1,ลพบุรี,,
15230,1,ลพบุรี,,
15240,1,ลพบุรี,,
15250,1,ลพบุรี,,
16000,1,สิงห์บุรี,,
16110,1,สิงห์บุรี,,
16120,1,สิงห์บุรี,,
16130,1,สิงห์บุรี,,
16140,1,สิงห์บุรี,,
16150,1,สิงห์บุรี,,
16160,1,สิงห์บุรี,,
17000,1,ชัยนาท,,
17110,1,ชัยนาท,,
17120,1,ชัยนาท,,
17130,1,ชัยนาท,,
17140,1,ชัยนาท,,
17150,1,ชัยนาท,,
17160,1,ชัยนาท,,
17170,1,ชัยนาท,,
18000,1,สระบุรี,,
18110,1,สระบุรี,,
18120,1,สระบุรี,,
18130,1,สระบุรี,,
18140,1,สระบุรี,,
18150,1,สระบุรี,,
18160,1,สระบุรี,,
18170,1,สระบุรี,,
18180,1,สระบุรี,,
18190,1,สระบุรี,,
18210,1,สระบุรี,,
18220,2,ลพบุรี / สระบุรี,,
18230,1,สระบุรี,,
18240,1,สระบุรี,,
18250,2,พระนครศรีอยุธยา / สระบุรี,,
18260,1,สระบุรี,,
18270,2,พระนครศรีอยุธยา / สระบุรี,,
20000,1,ชลบุรี,,
20110,1,ชลบุรี,,
20120,1,ชลบุรี,,
20130,1,ชลบุรี,,
20131,1,ชลบุรี,,
20140,1,ชลบุรี,,
20150,1,ชลบุรี,,
20160,1,ชลบุรี,,
20170,1,ชลบุรี,,
20180,1,ชลบุรี,,
20182,1,ชลบุรี,,
20190,1,ชลบุรี,,
20220,1,ชลบุรี,,
20230,1,ชลบุรี,,
20240,1,ชลบุรี,,
20250,1,ชลบุรี,,
20251,1,ชลบุรี,,
20270,1,ชลบุรี,,
21000,1,ระยอง,,
21100,1,ระยอง,,
21110,1,ระยอง,,
21120,1,ระยอง,,
21130,1,ระยอง,,
21140,1,ระยอง,,
21150,1,ระยอง,,
21160,1,ระยอง,,
21170,1,ระยอง,,
21180,1,ระยอง,,
21190,1,ระยอง,,
21210,1,ระยอง,,
22000,1,จันทบุรี,,
22110,1,จันทบุรี,,
22120,1,จันทบุรี,,
22130,1,จันทบุรี,,
22140,1,จันทบุรี,,
22150,1,จันทบุรี,,
22160,2,จันทบุรี / ระยอง,,
22170,1,จันทบุรี,,
22180,1,จันทบุรี,,
22190,1,จันทบุรี,,
22210,1,จันทบุรี,,
23000,1,ตราด,,
23110,1,ตราด,,
23120,1,ตราด,,
23130,1,ตราด,,
23140,1,ตราด,,
23150,1,ตราด,,
23170,1,ตราด,,
24000,1,ฉะเชิงเทรา,,
24110,1,ฉะเชิงเทรา,,
24120,1,ฉะเชิงเทรา,,
24130,1,ฉะเชิงเทรา,,
24140,1,ฉะเชิงเทรา,,
24150,1,ฉะเชิงเทรา,,
24160,1,ฉะเชิงเทรา,,
24170,1,ฉะเชิงเทรา,,
24180,1,ฉะเชิงเทรา,,
24190,1,ฉะเชิงเทรา,,
25000,1,ปราจีนบุรี,,
25110,1,ปราจีนบุรี,,
25130,1,ปราจีนบุรี,,
25140,1,ปราจีนบุรี,,
25150,1,ปราจีนบุรี,,
25190,1,ปราจีนบุรี,,
25220,1,ปราจีนบุรี,,
25230,1,ปราจีนบุรี,,
25240,1,ปราจีนบุรี,,
26000,1,นครนายก,,
26001,1,นครนายก,,
26110,1,นครนายก,,
26120,1,นครนายก,,
26130,1,นครนายก,,
27000,1,สระแก้ว,,
27120,1,สระแก้ว,,
27160,1,สระแก้ว,,
27180,1,สระแก้ว,,
27210,1,สระแก้ว,,
27250,1,สระแก้ว,,
27260,1,สระแก้ว,,
30000,1,นครราชสีมา,,
30110,1,นครราชสีมา,,
30120,1,นครราชสีมา,,
30130,2,นครราชสีมา / สระบุรี,,
30140,1,นครราชสีมา,,
30150,1,นครราชสีมา,,
30160,1,นครราชสีมา,,
30170,1,นครราชสีมา,,
30180,1,นครราชสีมา,,
30190,1,นครราชสีมา,,
30210,1,นครราชสีมา,,
30220,1,นครราชสีมา,,
30230,1,นครราชสีมา,,
30240,1,นครราชสีมา,,
30250,1,นครราชสีมา,,
30260,1,นครราชสีมา,,
30270,1,นครราชสีมา,,
30280,1,นครราชสีมา,,
30290,1,นครราชสีมา,,
30310,1,นครราชสีมา,,
30320,1,นครราชสีมา,,
30330,1,นครราชสีมา,,
30340,1,นครราชสีมา,,
30350,1,นครราชสีมา,,
30360,1,นครราชสีมา,,
30370,1,นครราชสีมา,,
30380,1,นครราชสีมา,,
30410,1,นครราชสีมา,,
30420,1,นครราชสีมา,,
30430,1,นครราชสีมา,,
30440,1,นครราชสีมา,,
31000,1,บุรีรัมย์,,
31110,1,บุรีรัมย์,,
31120,1,บุรีรัมย์,,
31130,1,บุรีรัมย์,,
31140,1,บุรีรัมย์,,
31150,1,บุรีรัมย์,,
31160,1,บุรีรัมย์,,
31170,1,บุรีรัมย์,,
31180,1,บุรีรัมย์,,
31190,1,บุรีรัมย์,,
31210,1,บุรีรัมย์,,
31220,1,บุรีรัมย์,,
31230,1,บุรีรัมย์,,
31240,1,บุรีรัมย์,,
31250,1,บุรีรัมย์,,
31260,1,บุรีรัมย์,,
32000,1,สุรินทร์,,
32110,1,สุรินทร์,,
32120,1,สุรินทร์,,
32130,1,สุรินทร์,,
32140,1,สุรินทร์,,
32150,1,สุรินทร์,,
32160,1,สุรินทร์,,
32170,1,สุรินทร์,,
32180,1,สุรินทร์,,
32190,1,สุรินทร์,,
32210,1,สุรินทร์,,
32220,1,สุรินทร์,,
32230,1,สุรินทร์,,
33000,1,ศรีสะเกษ,,
33110,1,ศรีสะเกษ,,
33120,1,ศรีสะเกษ,,
33130,1,ศรีสะเกษ,,
33140,1,ศรีสะเกษ,,
33150,1,ศรีสะเกษ,,
33160,1,ศรีสะเกษ,,
33170,1,ศรีสะเกษ,,
33180,1,ศรีสะเกษ,,
33190,1,ศรีสะเกษ,,
33210,1,ศรีสะเกษ,,
33220,1,ศรีสะเกษ,,
33230,1,ศรีสะเกษ,,
33240,1,ศรีสะเกษ,,
33250,1,ศรีสะเกษ,,
33270,1,ศรีสะเกษ,,
34000,1,อุบลราชธานี,,
34110,1,อุบลราชธานี,,
34130,1,อุบลราชธานี,,
34140,1,อุบลราชธานี,,
34150,1,อุบลราชธานี,,
34160,1,อุบลราชธานี,,
34170,1,อุบลราชธานี,,
34190,1,อุบลราชธานี,,
34220,1,อุบลราชธานี,,
34230,1,อุบลราชธานี,,
34250,1,อุบลราชธานี,,
34260,1,อุบลราชธานี,,
34270,1,อุบลราชธานี,,
34280,1,อุบลราชธานี,,
34310,1,อุบลราชธานี,,
34320,1,อุบลราชธานี,,
34330,1,อุบลราชธานี,,
34340,1,อุบลราชธานี,,
34350,1,อุบลราชธานี,,
34360,1,อุบลราชธานี,,
35000,1,ยโสธร,,
35110,1,ยโสธร,,
35120,1,ยโสธร,,
35130,1,ยโสธร,,
35140,1,ยโสธร,,
35150,1,ยโสธร,,
35160,1,ยโสธร,,
35170,1,ยโสธร,,
35180,1,ยโสธร,,
36000,1,ชัยภูมิ,,
36110,1,ชัยภูมิ,,
36120,1,ชัยภูมิ,,
36130,1,ชัยภูมิ,,
36140,1,ชัยภูมิ,,
36150,1,ชัยภูมิ,,
36160,1,ชัยภูมิ,,
36170,1,ชัยภูมิ,,
36180,1,ชัยภูมิ,,
36190,1,ชัยภูมิ,,
36210,1,ชัยภูมิ,,
36220,2,ชัยภูมิ / นครราชสีมา,,
36230,1,ชัยภูมิ,,
36240,1,ชัยภูมิ,,
36250,1,ชัยภูมิ,,
36260,1,ชัยภูมิ,,
37000,1,อำนาจเจริญ,,
37110,1,อำนาจเจริญ,,
37120,1,อำนาจเจริญ,,
37180,1,อำนาจเจริญ,,
37210,1,อำนาจเจริญ,,
37240,1,อำนาจเจริญ,,
37290,1,อำนาจเจริญ,,
38000,1,บึงกาฬ,,
38150,1,บึงกาฬ,,
38170,1,บึงกาฬ,,
38180,1,บึงกาฬ,,
38190,1,บึงกาฬ,,
38210,1,บึงกาฬ,,
38220,1,บึงกาฬ,,
39000,1,หนองบัวลำภู,,
39140,1,หนองบัวลำภู,,
39170,1,หนองบัวลำภู,,
39180,1,หนองบัวลำภู,,
39270,1,หนองบัวลำภู,,
39350,1,หนองบัวลำภู,,
40000,1,ขอนแก่น,,
40002,1,ขอนแก่น,,
40110,1,ขอนแก่น,,
40120,1,ขอนแก่น,,
40130,1,ขอนแก่น,,
40140,1,ขอนแก่น,,
40150,1,ขอนแก่น,,
40160,1,ขอนแก่น,,
40170,1,ขอนแก่น,,
40180,1,ขอนแก่น,,
40190,1,ขอนแก่น,,
40210,1,ขอนแก่น,,
40220,1,ขอนแก่น,,
40230,1,ขอนแก่น,,
40240,1,ขอนแก่น,,
40250,1,ขอนแก่น,,
40260,1,ขอนแก่น,,
40270,1,ขอนแก่น,,
40280,1,ขอนแก่น,,
40290,1,ขอนแก่น,,
40310,1,ขอนแก่น,,
40320,1,ขอนแก่น,,
40330,1,ขอนแก่น,,
40340,1,ขอนแก่น,,
40350,1,ขอนแก่น,,
41000,1,อุดรธานี,,
41110,1,อุดรธานี,,
41130,1,อุดรธานี,,
41150,1,อุดรธานี,,
41160,1,อุดรธานี,,
41190,1,อุดรธานี,,
41210,1,อุดรธานี,,
41220,1,อุดรธานี,,
41230,1,อุดรธานี,,
41240,1,อุดรธานี,,
41250,1,อุดรธานี,,
41260,1,อุดรธานี,,
41280,1,อุดรธานี,,
41290,1,อุดรธานี,,
41310,1,อุดรธานี,,
41320,1,อุดรธานี,,
41330,1,อุดรธานี,,
41340,1,อุดรธานี,,
41360,1,อุดรธานี,,
41370,1,อุดรธานี,,
41380,1,อุดรธานี,,
42000,1,เลย,,
42100,1,เลย,,
42110,1,เลย,,
42120,1,เลย,,
42130,1,เลย,,
42140,1,เลย,,
42150,1,เลย,,
42160,1,เลย,,
42170,1,เลย,,
42180,1,เลย,,
42190,1,เลย,,
42210,1,เลย,,
42220,1,เลย,,
42230,1,เลย,,
42240,1,เลย,,
43000,1,หนองคาย,,
43100,1,หนองคาย,,
43110,1,หนองคาย,,
43120,1,หนองคาย,,
43130,1,หนองคาย,,
43160,1,หนองคาย,,
44000,1,มหาสารคาม,,
44110,1,มหาสารคาม,,
44120,1,มหาสารคาม,,
44130,1,มหาสารคาม,,
44140,1,มหาสารคาม,,
44150,1,มหาสารคาม,,
44160,1,มหาสารคาม,,
44170,1,มหาสารคาม,,
44180,1,มหาสารคาม,,
44190,1,มหาสารคาม,,
44210,1,มหาสารคาม,,
45000,1,ร้อยเอ็ด,,
45110,1,ร้อยเอ็ด,,
45120,1,ร้อยเอ็ด,,
45130,1,ร้อยเอ็ด,,
45140,1,ร้อยเอ็ด,,
45150,1,ร้อยเอ็ด,,
45160,1,ร้อยเอ็ด,,
45170,1,ร้อยเอ็ด,,
45180,1,ร้อยเอ็ด,,
45190,1,ร้อยเอ็ด,,
45210,1,ร้อยเอ็ด,,
45220,1,ร้อยเอ็ด,,
45230,1,ร้อยเอ็ด,,
45240,1,ร้อยเอ็ด,,
45250,1,ร้อยเอ็ด,,
45280,1,ร้อยเอ็ด,,
46000,1,กาฬสินธุ์,,
46110,1,กาฬสินธุ์,,
46120,1,กาฬสินธุ์,,
46130,1,กาฬสินธุ์,,
46140,1,กาฬสินธุ์,,
46150,1,กาฬสินธุ์,,
46160,1,กาฬสินธุ์,,
46170,1,กาฬสินธุ์,,
46180,1,กาฬสินธุ์,,
46190,1,กาฬสินธุ์,,
46210,1,กาฬสินธุ์,,
46220,1,กาฬสินธุ์,,
46230,1,กาฬสินธุ์,,
46240,1,กาฬสินธุ์,,
47000,1,สกลนคร,,
47110,1,สกลนคร,,
47120,1,สกลนคร,,
47130,1,สกลนคร,,
47140,1,สกลนคร,,
47150,1,สกลนคร,,
47160,1,สกลนคร,,
47170,1,สกลนคร,,
47180,1,สกลนคร,,
47190,1,สกลนคร,,
47210,1,สกลนคร,,
47220,1,สกลนคร,,
47230,1,สกลนคร,,
47240,1,สกลนคร,,
47250,1,สกลนคร,,
47260,1,สกลนคร,,
47270,1,สกลนคร,,
47280,1,สกลนคร,,
47290,1,สกลนคร,,
48000,1,นครพนม,,
48110,1,นครพนม,,
48120,1,นครพนม,,
48130,1,นครพนม,,
48140,1,นครพนม,,
48150,1,นครพนม,,
48160,1,นครพนม,,
48170,1,นครพนม,,
48180,1,นครพนม,,
48190,1,นครพนม,,
49000,1,มุกดาหาร,,
49110,1,มุกดาหาร,,
49120,1,มุกดาหาร,,
49130,1,มุกดาหาร,,
49140,1,มุกดาหาร,,
49150,1,มุกดาหาร,,
49160,1,มุกดาหาร,,
50000,1,เชียงใหม่,,
50100,1,เชียงใหม่,,
50110,1,เชียงใหม่,,
50120,1,เชียงใหม่,,
50130,1,เชียงใหม่,,
50140,1,เชียงใหม่,,
50150,1,เชียงใหม่,,
50160,1,เชียงใหม่,,
50170,1,เชียงใหม่,,
50180,1,เชียงใหม่,,
50190,1,เชียงใหม่,,
50200,1,เชียงใหม่,,
50210,1,เชียงใหม่,,
50220,1,เชียงใหม่,,
50230,1,เชียงใหม่,,
50240,1,เชียงใหม่,,
50250,1,เชียงใหม่,,
50260,1,เชียงใหม่,,
50270,1,เชียงใหม่,,
50280,1,เชียงใหม่,,
50290,1,เชียงใหม่,,
50300,1,เชียงใหม่,,
50310,1,เชียงใหม่,,
50320,1,เชียงใหม่,,
50330,1,เชียงใหม่,,
50340,1,เชียงใหม่,,
50350,1,เชียงใหม่,,
50360,1,เชียงใหม่,,
51000,1,ลำพูน,,
51110,1,ลำพูน,,
51120,1,ลำพูน,,
51130,1,ลำพูน,,
51140,1,ลำพูน,,
51150,1,ลำพูน,,
51160,1,ลำพูน,,
51170,1,ลำพูน,,
51180,1,ลำพูน,,
52000,1,ลำปาง,,
52100,1,ลำปาง,,
52110,1,ลำปาง,,
52120,1,ลำปาง,,
52130,1,ลำปาง,,
52140,1,ลำปาง,,
52150,1,ลำปาง,,
52160,1,ลำปาง,,
52170,1,ลำปาง,,
52180,1,ลำปาง,,
52190,1,ลำปาง,,
52210,1,ลำปาง,,
52220,1,ลำปาง,,
52230,1,ลำปาง,,
52240,1,ลำปาง,,
53000,1,อุตรดิตถ์,,
53110,1,อุตรดิตถ์,,
53120,1,อุตรดิตถ์,,
53130,1,อุตรดิตถ์,,
53140,1,อุตรดิตถ์,,
53150,1,อุตรดิตถ์,,
53160,1,อุตรดิตถ์,,
53170,1,อุตรดิตถ์,,
53180,1,อุตรดิตถ์,,
53190,1,อุตรดิตถ์,,
53210,1,อุตรดิตถ์,,
53220,1,อุตรดิตถ์,,
53230,1,อุตรดิตถ์,,
54000,1,แพร่,,
54110,1,แพร่,,
54120,1,แพร่,,
54130,1,แพร่,,
54140,1,แพร่,,
54150,1,แพร่,,
54160,1,แพร่,,
54170,1,แพร่,,
55000,1,น่าน,,
55110,1,น่าน,,
55120,1,น่าน,,
55130,1,น่าน,,
55140,1,น่าน,,
55150,1,น่าน,,
55160,1,น่าน,,
55170,1,น่าน,,
55180,1,น่าน,,
55190,1,น่าน,,
55210,1,น่าน,,
55220,1,น่าน,,
56000,1,พะเยา,,
56110,1,พะเยา,,
56120,1,พะเยา,,
56130,1,พะเยา,,
56140,1,พะเยา,,
56150,1,พะเยา,,
56160,1,พะเยา,,
57000,1,เชียงราย,,
57100,1,เชียงราย,,
57110,1,เชียงราย,,
57120,1,เชียงราย,,
57130,1,เชียงราย,,
57140,1,เชียงราย,,
57150,1,เชียงราย,,
57160,1,เชียงราย,,
57170,1,เชียงราย,,
57180,1,เชียงราย,,
57190,1,เชียงราย,,
57210,1,เชียงราย,,
57220,1,เชียงราย,,
57230,1,เชียงราย,,
57240,1,เชียงราย,,
57250,1,เชียงราย,,
57260,1,เชียงราย,,
57270,1,เชียงราย,,
57280,1,เชียงราย,,
57290,1,เชียงราย,,
57310,1,เชียงราย,,
57340,1,เชียงราย,,
58000,1,แม่ฮ่องสอน,,
58110,1,แม่ฮ่องสอน,,
58120,1,แม่ฮ่องสอน,,
58130,2,เชียงใหม่ / แม่ฮ่องสอน,,
58140,1,แม่ฮ่องสอน,,
58150,1,แม่ฮ่องสอน,,
60000,1,นครสวรรค์,,
60110,1,นครสวรรค์,,
60120,1,นครสวรรค์,,
60130,1,นครสวรรค์,,
60140,1,นครสวรรค์,,
60150,1,นครสวรรค์,,
60160,1,นครสวรรค์,,
60170,1,นครสวรรค์,,
60180,1,นครสวรรค์,,
60190,1,นครสวรรค์,,
60210,1,นครสวรรค์,,
60220,1,นครสวรรค์,,
60230,1,นครสวรรค์,,
60240,1,นครสวรรค์,,
60250,1,นครสวรรค์,,
60260,1,นครสวรรค์,,
61000,1,อุทัยธานี,,
61110,1,อุทัยธานี,,
61120,1,อุทัยธานี,,
61130,1,อุทัยธานี,,
61140,1,อุทัยธานี,,
61150,1,อุทัยธานี,,
61160,1,อุทัยธานี,,
61170,1,อุทัยธานี,,
61180,1,อุทัยธานี,,
62000,1,กำแพงเพชร,,
62110,1,กำแพงเพชร,,
62120,1,กำแพงเพชร,,
62130,1,กำแพงเพชร,,
62140,1,กำแพงเพชร,,
62150,1,กำแพงเพชร,,
62160,1,กำแพงเพชร,,
62170,1,กำแพงเพชร,,
62180,1,กำแพงเพชร,,
62190,1,กำแพงเพชร,,
62210,1,กำแพงเพชร,,
63000,1,ตาก,,
63110,1,ตาก,,
63120,1,ตาก,,
63130,1,ตาก,,
63140,1,ตาก,,
63150,1,ตาก,,
63160,1,ตาก,,
63170,1,ตาก,,
63180,1,ตาก,,
64000,1,สุโขทัย,,
64110,1,สุโขทัย,,
64120,1,สุโขทัย,,
64130,1,สุโขทัย,,
64140,1,สุโขทัย,,
64150,1,สุโขทัย,,
64160,1,สุโขทัย,,
64170,1,สุโขทัย,,
64180,1,สุโขทัย,,
64190,1,สุโขทัย,,
64210,1,สุโขทัย,,
64220,1,สุโขทัย,,
64230,1,สุโขทัย,,
65000,1,พิษณุโลก,,
65110,1,พิษณุโลก,,
65120,1,พิษณุโลก,,
65130,1,พิษณุโลก,,
65140,1,พิษณุโลก,,
65150,1,พิษณุโลก,,
65160,1,พิษณุโลก,,
65170,1,พิษณุโลก,,
65180,1,พิษณุโลก,,
65190,1,พิษณุโลก,,
65210,1,พิษณุโลก,,
65220,1,พิษณุโลก,,
65230,1,พิษณุโลก,,
65240,1,พิษณุโลก,,
66000,1,พิจิตร,,
66110,1,พิจิตร,,
66120,1,พิจิตร,,
66130,1,พิจิตร,,
66140,1,พิจิตร,,
66150,1,พิจิตร,,
66160,1,พิจิตร,,
66170,1,พิจิตร,,
66180,1,พิจิตร,,
66190,1,พิจิตร,,
66210,1,พิจิตร,,
66220,1,พิจิตร,,
66230,1,พิจิตร,,
67000,1,เพชรบูรณ์,,
67110,1,เพชรบูรณ์,,
67120,1,เพชรบูรณ์,,
67130,1,เพชรบูรณ์,,
67140,1,เพชรบูรณ์,,
67150,1,เพชรบูรณ์,,
67160,1,เพชรบูรณ์,,
67170,1,เพชรบูรณ์,,
67180,1,เพชรบูรณ์,,
67190,1,เพชรบูรณ์,,
67210,1,เพชรบูรณ์,,
67220,1,เพชรบูรณ์,,
67230,1,เพชรบูรณ์,,
67240,1,เพชรบูรณ์,,
67250,1,เพชรบูรณ์,,
67260,1,เพชรบูรณ์,,
67270,1,เพชรบูรณ์,,
67280,1,เพชรบูรณ์,,
70000,1,ราชบุรี,,
70110,1,ราชบุรี,,
70120,1,ราชบุรี,,
70130,1,ราชบุรี,,
70140,1,ราชบุรี,,
70150,1,ราชบุรี,,
70160,1,ราชบุรี,,
70170,1,ราชบุรี,,
70180,1,ราชบุรี,,
70190,2,กาญจนบุรี / ราชบุรี,,
70210,2,ราชบุรี / สมุทรสาคร,,
71000,1,กาญจนบุรี,,
71110,1,กาญจนบุรี,,
71120,1,กาญจนบุรี,,
71130,1,กาญจนบุรี,,
71140,1,กาญจนบุรี,,
71150,1,กาญจนบุรี,,
71160,1,กาญจนบุรี,,
71170,2,กาญจนบุรี / สุพรรณบุรี,,
71180,1,กาญจนบุรี,,
71190,1,กาญจนบุรี,,
71210,1,กาญจนบุรี,,
71220,1,กาญจนบุรี,,
71240,1,กาญจนบุรี,,
71250,1,กาญจนบุรี,,
71260,1,กาญจนบุรี,,
72000,1,สุพรรณบุรี,,
72110,1,สุพรรณบุรี,,
72120,1,สุพรรณบุรี,,
72130,1,สุพรรณบุรี,,
72140,1,สุพรรณบุรี,,
72150,1,สุพรรณบุรี,,
72160,1,สุพรรณบุรี,,
72170,1,สุพรรณบุรี,,
72180,1,สุพรรณบุรี,,
72190,1,สุพรรณบุรี,,
72210,1,สุพรรณบุรี,,
72220,1,สุพรรณบุรี,,
72230,1,สุพรรณบุรี,,
72240,1,สุพรรณบุรี,,
72250,1,สุพรรณบุรี,,
73000,1,นครปฐม,,
73110,1,นครปฐม,,
73120,1,นครปฐม,,
73130,1,นครปฐม,,
73140,1,นครปฐม,,
73150,1,นครปฐม,,
73160,1,นครปฐม,,
73170,1,นครปฐม,,
73180,1,นครปฐม,,
73190,1,นครปฐม,,
73210,1,นครปฐม,,
73220,1,นครปฐม,,
74000,1,สมุทรสาคร,,
74110,1,สมุทรสาคร,,
74120,1,สมุทรสาคร,,
74130,1,สมุทรสาคร,,
75000,1,สมุทรสงคราม,,
75110,1,สมุทรสงคราม,,
75120,1,สมุทรสงคราม,,
76000,1,เพชรบุรี,,
76100,1,เพชรบุรี,,
76110,1,เพชรบุรี,,
76120,1,เพชรบุรี,,
76130,1,เพชรบุรี,,
76140,1,เพชรบุรี,,
76150,1,เพชรบุรี,,
76160,1,เพชรบุรี,,
76170,1,เพชรบุรี,,
77000,1,ประจวบคีรีขันธ์,,
77110,1,ประจวบคีรีขันธ์,,
77120,1,ประจวบคีรีขันธ์,,
77130,1,ประจวบคีรีขันธ์,,
77140,1,ประจวบคีรีขันธ์,,
77150,1,ประจวบคีรีขันธ์,,
77160,1,ประจวบคีรีขันธ์,,
77170,1,ประจวบคีรีขันธ์,,
77180,1,ประจวบคีรีขันธ์,,
77190,1,ประจวบคีรีขันธ์,,
77210,1,ประจวบคีรีขันธ์,,
77220,1,ประจวบคีรีขันธ์,,
77230,1,ประจวบคีรีขันธ์,,
80000,1,นครศรีธรรมราช,,
80110,1,นครศรีธรรมราช,,
80120,1,นครศรีธรรมราช,,
80130,1,นครศรีธรรมราช,,
80140,1,นครศรีธรรมราช,,
80150,1,นครศรีธรรมราช,,
80160,1,นครศรีธรรมราช,,
80170,1,นครศรีธรรมราช,,
80180,1,นครศรีธรรมราช,,
80190,1,นครศรีธรรมราช,,
80210,1,นครศรีธรรมราช,,
80220,1,นครศรีธรรมราช,,
80230,1,นครศรีธรรมราช,,
80240,2,กระบี่ / นครศรีธรรมราช,,
80250,1,นครศรีธรรมราช,,
80260,1,นครศรีธรรมราช,,
80270,1,นครศรีธรรมราช,,
80280,1,นครศรีธรรมราช,,
80290,1,นครศรีธรรมราช,,
80310,1,นครศรีธรรมราช,,
80320,1,นครศรีธรรมราช,,
80330,1,นครศรีธรรมราช,,
80340,1,นครศรีธรรมราช,,
80350,1,นครศรีธรรมราช,,
80360,1,นครศรีธรรมราช,,
81000,1,กระบี่,,
81110,1,กระบี่,,
81120,1,กระบี่,,
81130,1,กระบี่,,
81140,1,กระบี่,,
81150,1,กระบี่,,
81160,1,กระบี่,,
81170,1,กระบี่,,
81190,1,กระบี่,,
82000,1,พังงา,,
82110,1,พังงา,,
82120,1,พังงา,,
82130,1,พังงา,,
82140,1,พังงา,,
82150,1,พังงา,,
82160,1,พังงา,,
82170,1,พังงา,,
82180,1,พังงา,,
82190,1,พังงา,,
82210,1,พังงา,,
83000,2,พังงา / ภูเก็ต,,
83100,1,ภูเก็ต,,
83110,1,ภูเก็ต,,
83120,1,ภูเก็ต,,
83130,1,ภูเก็ต,,
83150,1,ภูเก็ต,,
84000,1,สุราษฎร์ธานี,,
84100,1,สุราษฎร์ธานี,,
84110,1,สุราษฎร์ธานี,,
84120,1,สุราษฎร์ธานี,,
84130,1,สุราษฎร์ธานี,,
84140,1,สุราษฎร์ธานี,,
84150,1,สุราษฎร์ธานี,,
84160,1,สุราษฎร์ธานี,,
84170,1,สุราษฎร์ธานี,,
84180,1,สุราษฎร์ธานี,,
84190,1,สุราษฎร์ธานี,,
84210,1,สุราษฎร์ธานี,,
84220,1,สุราษฎร์ธานี,,
84230,1,สุราษฎร์ธานี,,
84240,1,สุราษฎร์ธานี,,
84250,1,สุราษฎร์ธานี,,
84260,1,สุราษฎร์ธานี,,
84270,1,สุราษฎร์ธานี,,
84280,1,สุราษฎร์ธานี,,
84290,1,สุราษฎร์ธานี,,
84310,1,สุราษฎร์ธานี,,
84320,1,สุราษฎร์ธานี,,
84330,1,สุราษฎร์ธานี,,
84340,1,สุราษฎร์ธานี,,
84350,1,สุราษฎร์ธานี,,
84360,1,สุราษฎร์ธานี,,
84370,1,สุราษฎร์ธานี,,
85000,1,ระนอง,,
85110,1,ระนอง,,
85120,1,ระนอง,,
85130,1,ระนอง,,
86000,1,ชุมพร,,
86100,1,ชุมพร,,
86110,1,ชุมพร,,
86120,1,ชุมพร,,
86130,1,ชุมพร,,
86140,1,ชุมพร,,
86150,1,ชุมพร,,
86160,1,ชุมพร,,
86170,1,ชุมพร,,
86180,1,ชุมพร,,
86190,1,ชุมพร,,
86210,1,ชุมพร,,
86220,1,ชุมพร,,
86230,1,ชุมพร,,
90000,1,สงขลา,,
90100,1,สงขลา,,
90110,1,สงขลา,,
90112,1,สงขลา,,
90115,1,สงขลา,,
90120,1,สงขลา,,
90130,1,สงขลา,,
90140,1,สงขลา,,
90150,1,สงขลา,,
90160,1,สงขลา,,
90170,1,สงขลา,,
90180,1,สงขลา,,
90190,1,สงขลา,,
90210,1,สงขลา,,
90220,1,สงขลา,,
90230,1,สงขลา,,
90240,1,สงขลา,,
90250,1,สงขลา,,
90260,1,สงขลา,,
90270,1,สงขลา,,
90280,1,สงขลา,,
90310,1,สงขลา,,
90320,1,สงขลา,,
90330,1,สงขลา,,
91000,1,สตูล,,
91110,1,สตูล,,
91120,1,สตูล,,
91130,1,สตูล,,
91140,1,สตูล,,
91150,1,สตูล,,
91160,1,สตูล,,
92000,1,ตรัง,,
92110,1,ตรัง,,
92120,1,ตรัง,,
92130,1,ตรัง,,
92140,1,ตรัง,,
92150,1,ตรัง,,
92160,1,ตรัง,,
92170,1,ตรัง,,
92180,1,ตรัง,,
92190,1,ตรัง,,
92210,1,ตรัง,,
92220,1,ตรัง,,
93000,1,พัทลุง,,
93110,1,พัทลุง,,
93120,1,พัทลุง,,
93130,1,พัทลุง,,
93140,1,พัทลุง,,
93150,1,พัทลุง,,
93160,1,พัทลุง,,
93170,1,พัทลุง,,
93180,1,พัทลุง,,
93190,1,พัทลุง,,
93210,1,พัทลุง,,
94000,1,ปัตตานี,,
94110,1,ปัตตานี,,
94120,1,ปัตตานี,,
94130,1,ปัตตานี,,
94140,1,ปัตตานี,,
94150,1,ปัตตานี,,
94160,1,ปัตตานี,,
94170,1,ปัตตานี,,
94180,1,ปัตตานี,,
94190,1,ปัตตานี,,
94220,1,ปัตตานี,,
94230,1,ปัตตานี,,
95000,1,ยะลา,,
95110,1,ยะลา,,
95120,1,ยะลา,,
95130,1,ยะลา,,
95140,1,ยะลา,,
95150,1,ยะลา,,
95160,1,ยะลา,,
95170,1,ยะลา,,
96000,1,นราธิวาส,,
96110,1,นราธิวาส,,
96120,1,นราธิวาส,,
96130,1,นราธิวาส,,
96140,1,นราธิวาส,,
96150,1,นราธิวาส,,
96160,1,นราธิวาส,,
96170,1,นราธิวาส,,
96180,1,นราธิวาส,,
96190,1,นราธิวาส,,
96210,1,นราธิวาส,,
96220,1,นราธิวาส,,
Grand Total,77,กระบี่ / กรุงเทพมหานคร / กาญจนบุรี / กาฬสินธุ์ / กำแพงเพชร / ขอนแก่น / จันทบุรี / ฉะเชิงเทรา / ชลบุรี / ชัยนาท / ชัยภูมิ / ชุมพร / เชียงราย / เชียงใหม่ / ตรัง / ตราด / ตาก / นครนายก / นครปฐม / นครพนม / นครราชสีมา / นครศรีธรรมราช / นครสวรรค์ / นนทบุรี / นราธิวาส / น่าน / บึงกาฬ / บุรีรัมย์ / ปทุมธานี / ประจวบคีรีขันธ์ / ปราจีนบุรี / ปัตตานี / พระนครศรีอยุธยา / พะเยา / พังงา / พัทลุง / พิจิตร / พิษณุโลก / เพชรบุรี / เพชรบูรณ์ / แพร่ / ภูเก็ต / มหาสารคาม / มุกดาหาร / แม่ฮ่องสอน / ยโสธร / ยะลา / ร้อยเอ็ด / ระนอง / ระยอง / ราชบุรี / ลพบุรี / ลำปาง / ลำพูน / เลย / ศรีสะเกษ / สกลนคร / สงขลา / สตูล / สมุทรปราการ / สมุทรสงคราม / สมุทรสาคร / สระแก้ว / สระบุรี / สิงห์บุรี / สุโขทัย / สุพรรณบุรี / สุราษฎร์ธานี / สุรินทร์ / หนองคาย / หนองบัวลำภู / อ่างทอง / อำนาจเจริญ / อุดรธานี / อุตรดิตถ์ / อุทัยธานี / อุบลราชธานี,,
